turn	fleet	engine	name	warp	ships	mass	cargo	y	fuel0	f_pred	charge_pred	gain_pred	fuel_pred	x_pred
0	0	0	Settler's Delight	2	51	5000	3521	1010	1	0	0	2040	2041	1014
0	1	0	Settler's Delight	3	23	2223	1556	1016	1	0	0	2070	2071	1019
0	2	0	Settler's Delight	4	13	1250	873	1022	1	0	0	1248	1249	1026
0	3	0	Settler's Delight	5	9	800	539	1028	1	0	0	675	676	1035
0	4	0	Settler's Delight	6	6	556	382	1034	1	0	0	216	217	1046
0	5	0	Settler's Delight	7	5	409	264	1046	20000	140	141	0	19859	1059
0	6	0	Settler's Delight	8	4	313	197	1052	20000	275	276	0	19724	1074
0	7	0	Settler's Delight	9	3	247	160	1058	20000	480	481	0	19519	1091
0	8	0	Settler's Delight	10	3	200	113	1070	20000	576	576	0	19424	1110
0	9	1	Quick Jump 5	2	50	5000	3450	1076	20000	25	25	0	19975	1014
0	10	1	Quick Jump 5	3	23	2223	1510	1082	20000	100	100	0	19900	1019
0	11	1	Quick Jump 5	4	13	1250	847	1094	20000	100	100	0	19900	1026
0	12	1	Quick Jump 5	5	8	800	552	1100	20000	100	100	0	19900	1035
0	13	1	Quick Jump 5	6	6	556	370	1124	20000	180	181	0	19819	1046
0	14	1	Quick Jump 5	7	5	409	254	1130	20000	500	501	0	19499	1059
0	15	1	Quick Jump 5	8	4	313	189	1136	20000	800	802	0	19198	1074
0	16	1	Quick Jump 5	9	3	247	154	1142	20000	900	901	0	19099	1091
0	17	1	Quick Jump 5	10	2	200	138	1148	20000	1080	1080	0	18920	1110
0	18	2	Fuel Mizer	2	49	5000	3383	1154	1	0	0	1176	1177	1014
0	19	2	Fuel Mizer	3	22	2223	1497	1160	1	0	0	594	595	1019
0	20	2	Fuel Mizer	4	13	1250	821	1172	1	0	0	208	209	1026
0	21	2	Fuel Mizer	5	8	800	536	1178	20000	35	35	0	19965	1035
0	22	2	Fuel Mizer	6	6	556	358	1184	20000	120	120	0	19880	1046
0	23	2	Fuel Mizer	7	4	409	277	1190	20000	175	176	0	19824	1059
0	24	2	Fuel Mizer	8	4	313	181	1196	20000	235	236	0	19764	1074
0	25	2	Fuel Mizer	9	3	247	148	1202	20000	360	361	0	19639	1091
0	26	2	Fuel Mizer	10	2	200	134	1208	20000	420	420	0	19580	1110
0	27	3	Long Hump 6	2	48	5000	3272	1214	20000	20	20	0	19980	1014
0	28	3	Long Hump 6	3	21	2223	1467	1220	20000	60	60	0	19940	1019
0	29	3	Long Hump 6	4	12	1250	818	1226	20000	100	100	0	19900	1026
0	30	3	Long Hump 6	5	8	800	512	1232	20000	100	100	0	19900	1035
0	31	3	Long Hump 6	6	6	556	340	1238	20000	105	105	0	19895	1046
0	32	3	Long Hump 6	7	4	409	265	1244	20000	450	451	0	19549	1059
0	33	3	Long Hump 6	8	3	313	205	1250	20000	750	752	0	19248	1074
0	34	3	Long Hump 6	9	3	247	139	1256	20000	900	901	0	19099	1091
0	35	3	Long Hump 6	10	2	200	128	1262	20000	1080	1080	0	18920	1110
1	0	4	Daddy Long Legs 7	2	46	5000	3160	1010	20000	20	20	0	19980	1014
1	1	4	Daddy Long Legs 7	3	21	2223	1383	1016	20000	60	60	0	19940	1019
1	2	4	Daddy Long Legs 7	4	12	1250	770	1022	20000	70	70	0	19930	1026
1	3	4	Daddy Long Legs 7	5	8	800	480	1028	20000	100	100	0	19900	1035
1	4	4	Daddy Long Legs 7	6	6	556	316	1034	20000	100	100	0	19900	1046
1	5	4	Daddy Long Legs 7	7	4	409	249	1046	20000	110	111	0	19889	1059
1	6	4	Daddy Long Legs 7	8	3	313	193	1052	20000	600	601	0	19399	1074
1	7	4	Daddy Long Legs 7	9	3	247	127	1058	20000	750	751	0	19249	1091
1	8	4	Daddy Long Legs 7	10	2	200	120	1070	20000	900	900	0	19100	1110
1	9	5	Alpha Drive 8	2	44	5000	3064	1076	20000	15	15	0	19985	1014
1	10	5	Alpha Drive 8	3	20	2223	1343	1082	20000	50	50	0	19950	1019
1	11	5	Alpha Drive 8	4	11	1250	766	1094	20000	60	60	0	19940	1026
1	12	5	Alpha Drive 8	5	8	800	448	1100	20000	70	70	0	19930	1035
1	13	5	Alpha Drive 8	6	5	556	336	1124	20000	100	100	0	19900	1046
1	14	5	Alpha Drive 8	7	4	409	233	1130	20000	100	101	0	19899	1059
1	15	5	Alpha Drive 8	8	3	313	181	1136	20000	115	116	0	19884	1074
1	16	5	Alpha Drive 8	9	3	247	115	1142	20000	700	701	0	19299	1091
1	17	5	Alpha Drive 8	10	2	200	112	1148	20000	840	840	0	19160	1110
1	18	6	Trans-Galactic Drive	2	41	5000	2868	1154	20000	15	15	0	19985	1014
1	19	6	Trans-Galactic Drive	3	19	2223	1235	1160	20000	35	35	0	19965	1019
1	20	6	Trans-Galactic Drive	4	11	1250	678	1172	20000	45	45	0	19955	1026
1	21	6	Trans-Galactic Drive	5	7	800	436	1178	20000	55	55	0	19945	1035
1	22	6	Trans-Galactic Drive	6	5	556	296	1184	20000	70	70	0	19930	1046
1	23	6	Trans-Galactic Drive	7	4	409	201	1190	20000	80	81	0	19919	1059
1	24	6	Trans-Galactic Drive	8	3	313	157	1196	20000	90	91	0	19909	1074
1	25	6	Trans-Galactic Drive	9	3	247	91	1202	20000	100	100	0	19900	1091
1	26	6	Trans-Galactic Drive	10	2	200	96	1208	20000	120	120	0	19880	1110
1	27	7	Interspace-10	2	41	5000	2868	1214	20000	10	10	0	19990	1014
1	28	7	Interspace-10	3	19	2223	1235	1220	20000	30	30	0	19970	1019
1	29	7	Interspace-10	4	11	1250	678	1226	20000	40	40	0	19960	1026
1	30	7	Interspace-10	5	7	800	436	1232	20000	50	50	0	19950	1035
1	31	7	Interspace-10	6	5	556	296	1238	20000	60	60	0	19940	1046
1	32	7	Interspace-10	7	4	409	201	1244	20000	70	71	0	19929	1059
1	33	7	Interspace-10	8	3	313	157	1250	20000	80	81	0	19919	1074
1	34	7	Interspace-10	9	3	247	91	1256	20000	90	90	0	19910	1091
1	35	7	Interspace-10	10	2	200	96	1262	20000	100	100	0	19900	1110
2	0	8	Enigma Pulsar	2	43	5000	2979	1010	1	0	0	1720	1721	1014
2	1	8	Enigma Pulsar	3	19	2223	1330	1016	1	0	0	1026	1027	1019
2	2	8	Enigma Pulsar	4	11	1250	733	1022	1	0	0	528	529	1026
2	3	8	Enigma Pulsar	5	7	800	471	1028	1	0	0	175	176	1035
2	4	8	Enigma Pulsar	6	5	556	321	1034	20000	65	65	0	19935	1046
2	5	8	Enigma Pulsar	7	4	409	221	1046	20000	75	76	0	19924	1059
2	6	8	Enigma Pulsar	8	3	313	172	1052	20000	85	86	0	19914	1074
2	7	8	Enigma Pulsar	9	3	247	106	1058	20000	95	95	0	19905	1091
2	8	8	Enigma Pulsar	10	2	200	106	1070	20000	105	105	0	19895	1110
2	9	9	Trans-Star 10	2	50	5000	3400	1076	20000	5	5	0	19995	1014
2	10	9	Trans-Star 10	3	22	2223	1519	1082	20000	15	15	0	19985	1019
2	11	9	Trans-Star 10	4	13	1250	834	1094	20000	20	20	0	19980	1026
2	12	9	Trans-Star 10	5	8	800	544	1100	20000	25	25	0	19975	1035
2	13	9	Trans-Star 10	6	6	556	364	1124	20000	30	30	0	19970	1046
2	14	9	Trans-Star 10	7	5	409	249	1130	20000	35	35	0	19965	1059
2	15	9	Trans-Star 10	8	4	313	185	1136	20000	40	40	0	19960	1074
2	16	9	Trans-Star 10	9	3	247	151	1142	20000	45	45	0	19955	1091
2	17	9	Trans-Star 10	10	2	200	136	1148	20000	50	50	0	19950	1110
2	18	10	Radiating Hydro-Ram Scoop	2	47	5000	3261	1154	1	0	0	1880	1881	1014
2	19	10	Radiating Hydro-Ram Scoop	3	21	2223	1446	1160	1	0	0	1890	1891	1019
2	20	10	Radiating Hydro-Ram Scoop	4	12	1250	806	1172	1	0	0	1152	1153	1026
2	21	10	Radiating Hydro-Ram Scoop	5	8	800	504	1178	1	0	0	600	601	1035
2	22	10	Radiating Hydro-Ram Scoop	6	6	556	334	1184	1	0	0	216	217	1046
2	23	10	Radiating Hydro-Ram Scoop	7	4	409	261	1190	20000	165	166	0	19834	1059
2	24	10	Radiating Hydro-Ram Scoop	8	3	313	202	1196	20000	375	376	0	19624	1074
2	25	10	Radiating Hydro-Ram Scoop	9	3	247	136	1202	20000	600	601	0	19399	1091
2	26	10	Radiating Hydro-Ram Scoop	10	2	200	126	1208	20000	720	720	0	19280	1110
2	27	11	Sub-Galactic Fuel Scoop	2	43	5000	2979	1214	1	0	0	1720	1721	1014
2	28	11	Sub-Galactic Fuel Scoop	3	19	2223	1330	1220	1	0	0	1026	1027	1019
2	29	11	Sub-Galactic Fuel Scoop	4	11	1250	733	1226	1	0	0	528	529	1026
2	30	11	Sub-Galactic Fuel Scoop	5	7	800	471	1232	1	0	0	175	176	1035
2	31	11	Sub-Galactic Fuel Scoop	6	5	556	321	1238	20000	85	85	0	19915	1046
2	32	11	Sub-Galactic Fuel Scoop	7	4	409	221	1244	20000	105	106	0	19894	1059
2	33	11	Sub-Galactic Fuel Scoop	8	3	313	172	1250	20000	210	211	0	19789	1074
2	34	11	Sub-Galactic Fuel Scoop	9	3	247	106	1256	20000	380	381	0	19619	1091
2	35	11	Sub-Galactic Fuel Scoop	10	2	200	106	1262	20000	456	456	0	19544	1110
3	0	12	Trans-Galactic Fuel Scoop	2	44	5000	2976	1010	1	0	0	1760	1761	1014
3	1	12	Trans-Galactic Fuel Scoop	3	20	2223	1303	1016	1	0	0	1800	1801	1019
3	2	12	Trans-Galactic Fuel Scoop	4	11	1250	744	1022	1	0	0	1056	1057	1026
3	3	12	Trans-Galactic Fuel Scoop	5	7	800	478	1028	1	0	0	525	526	1035
3	4	12	Trans-Galactic Fuel Scoop	6	5	556	326	1034	1	0	0	180	181	1046
3	5	12	Trans-Galactic Fuel Scoop	7	4	409	225	1046	20000	88	89	0	19911	1059
3	6	12	Trans-Galactic Fuel Scoop	8	3	313	175	1052	20000	100	101	0	19899	1074
3	7	12	Trans-Galactic Fuel Scoop	9	3	247	109	1058	20000	145	145	0	19855	1091
3	8	12	Trans-Galactic Fuel Scoop	10	2	200	108	1070	20000	174	174	0	19826	1110
3	9	13	Trans-Galactic Super Scoop	2	44	5000	3020	1076	1	0	0	1760	1761	1014
3	10	13	Trans-Galactic Super Scoop	3	20	2223	1323	1082	1	0	0	1800	1801	1019
3	11	13	Trans-Galactic Super Scoop	4	11	1250	755	1094	1	0	0	1429	1430	1026
3	12	13	Trans-Galactic Super Scoop	5	7	800	485	1100	1	0	0	909	910	1035
3	13	13	Trans-Galactic Super Scoop	6	5	556	331	1124	1	0	0	540	541	1046
3	14	13	Trans-Galactic Super Scoop	7	4	409	229	1130	1	0	0	196	197	1059
3	15	13	Trans-Galactic Super Scoop	8	3	313	178	1136	20000	65	66	0	19934	1074
3	16	13	Trans-Galactic Super Scoop	9	3	247	112	1142	20000	90	90	0	19910	1091
3	17	13	Trans-Galactic Super Scoop	10	2	200	110	1148	20000	108	108	0	19892	1110
3	18	14	Trans-Galactic Mizer Scoop	2	47	5000	3214	1154	1	0	0	1880	1881	1014
3	19	14	Trans-Galactic Mizer Scoop	3	21	2223	1425	1160	1	0	0	1890	1891	1019
3	20	14	Trans-Galactic Mizer Scoop	4	12	1250	794	1172	1	0	0	1559	1560	1026
3	21	14	Trans-Galactic Mizer Scoop	5	8	800	496	1178	1	0	0	1039	1040	1035
3	22	14	Trans-Galactic Mizer Scoop	6	6	556	328	1184	1	0	0	779	780	1046
3	23	14	Trans-Galactic Mizer Scoop	7	4	409	257	1190	1	0	0	519	520	1059
3	24	14	Trans-Galactic Mizer Scoop	8	3	313	199	1196	1	0	0	192	193	1074
3	25	14	Trans-Galactic Mizer Scoop	9	3	247	133	1202	20000	70	70	0	19930	1091
3	26	14	Trans-Galactic Mizer Scoop	10	2	200	124	1208	20000	84	84	0	19916	1110
3	27	15	Galaxy Scoop	2	48	5000	3320	1214	1	0	0	1920	1921	1014
3	28	15	Galaxy Scoop	3	22	2223	1453	1220	1	0	0	1980	1981	1019
3	29	15	Galaxy Scoop	4	12	1250	830	1226	1	0	0	1559	1560	1026
3	30	15	Galaxy Scoop	5	8	800	520	1232	1	0	0	1039	1040	1035
3	31	15	Galaxy Scoop	6	6	556	346	1238	1	0	0	779	780	1046
3	32	15	Galaxy Scoop	7	4	409	269	1244	1	0	0	519	520	1059
3	33	15	Galaxy Scoop	8	3	313	208	1250	1	0	0	389	390	1074
3	34	15	Galaxy Scoop	9	3	247	142	1256	1	0	0	243	244	1091
3	35	15	Galaxy Scoop	10	2	200	130	1262	20000	60	60	0	19940	1110
