# FM-003 observed (run1, decoded from the 2408 PG001.HST/.M1). events: M-file event ids for the fleet (78 completed orders, 139 out of fuel / speed set to warp 1, 243 ram-scoop fuel)
id	group	desc	start	end	moved	fuel0	fuel1	used	wps_left	next_target	events
0	CH	ABZ: A chases B warp 9	(1200, 1012)	(1215, 1012)	15.0	300	287	13	1	wp0 obj=0 w9	78
1	CH	ABZ: B chases Z warp 9	(1215, 1012)	(1215, 1012)	0.0	300	300	0	2	(1250,1012) w9	
2	CH	ABZ: Z +60x warp 5	(1225, 1012)	(1250, 1012)	25.0	300	297	3	2	(1285,1012) w5	
3	CH	AZB: A chases B warp 9	(1200, 1027)	(1215, 1027)	15.0	300	287	13	1	wp0 obj=0 w9	78
4	CH	AZB: Z +60x warp 5	(1225, 1027)	(1250, 1027)	25.0	300	297	3	2	(1285,1027) w5	
5	CH	AZB: B chases Z warp 9	(1215, 1027)	(1215, 1027)	0.0	300	300	0	2	(1250,1027) w9	
6	CH	BAZ: B chases Z warp 9	(1215, 1042)	(1250, 1042)	35.0	300	271	29	1	wp0 obj=0 w9	78
7	CH	BAZ: A chases B warp 9	(1200, 1042)	(1250, 1042)	50.0	300	259	41	1	wp0 obj=0 w9	78
8	CH	BAZ: Z +60x warp 5	(1225, 1042)	(1250, 1042)	25.0	300	297	3	2	(1285,1042) w5	
9	CH	BZA: B chases Z warp 9	(1215, 1057)	(1250, 1057)	35.0	300	271	29	1	wp0 obj=0 w9	78
10	CH	BZA: Z +60x warp 5	(1225, 1057)	(1250, 1057)	25.0	300	297	3	2	(1285,1057) w5	
11	CH	BZA: A chases B warp 9	(1200, 1057)	(1250, 1057)	50.0	300	259	41	1	wp0 obj=0 w9	78
12	CH	ZAB: Z +60x warp 5	(1225, 1072)	(1250, 1072)	25.0	300	297	3	2	(1285,1072) w5	
13	CH	ZAB: A chases B warp 9	(1200, 1072)	(1215, 1072)	15.0	300	287	13	1	wp0 obj=0 w9	78
14	CH	ZAB: B chases Z warp 9	(1215, 1072)	(1215, 1072)	0.0	300	300	0	2	(1250,1072) w9	
15	CH	ZBA: Z +60x warp 5	(1225, 1087)	(1250, 1087)	25.0	300	297	3	2	(1285,1087) w5	
16	CH	ZBA: B chases Z warp 9	(1215, 1087)	(1250, 1087)	35.0	300	271	29	1	wp0 obj=0 w9	78
17	CH	ZBA: A chases B warp 9	(1200, 1087)	(1250, 1087)	50.0	300	259	41	1	wp0 obj=0 w9	78
18	CH	S: A chases B warp 9	(1200, 1102)	(1215, 1102)	15.0	300	287	13	1	wp0 obj=0 w9	78
19	CH	S: B chases stationary Z warp 9	(1215, 1102)	(1215, 1102)	0.0	300	300	0	2	(1225,1102) w9	
20	CH	S: Z stationary (no waypoint)	(1225, 1102)	(1225, 1102)	0.0	300	300	0	1	wp0 obj=0 w0	
21	MU	low id warp 1, gap 6	(1150, 1300)	(1151, 1300)	1.0	300	300	0	2	(1155,1300) w1	
22	MU	high id warp 1	(1156, 1300)	(1155, 1300)	1.0	300	300	0	2	(1151,1300) w1	
23	MU	low id warp 3, gap 40	(1150, 1312)	(1159, 1312)	9.0	300	299	1	2	(1181,1312) w3	
24	MU	high id warp 3	(1190, 1312)	(1181, 1312)	9.0	300	299	1	2	(1159,1312) w3	
25	MU	low id warp 5, gap 60	(1150, 1324)	(1175, 1324)	25.0	300	297	3	2	(1185,1324) w5	
26	MU	high id warp 5	(1210, 1324)	(1185, 1324)	25.0	300	297	3	2	(1175,1324) w5	
27	MU	low id warp 3, gap 20	(1150, 1336)	(1158, 1336)	8.0	300	299	1	1	wp0 obj=0 w3	78
28	MU	high id warp 4	(1170, 1336)	(1158, 1336)	12.0	300	299	1	1	wp0 obj=0 w4	78
29	MU	low id warp 4, gap 10	(1150, 1348)	(1159, 1348)	9.0	300	299	1	1	wp0 obj=0 w4	78
30	MU	high id warp 1	(1160, 1348)	(1159, 1348)	1.0	300	300	0	1	wp0 obj=0 w1	78
31	MU	low id warp 5, gap 30	(1150, 1360)	(1172, 1360)	22.0	300	298	2	1	wp0 obj=0 w5	78
32	MU	high id warp 3	(1180, 1360)	(1172, 1360)	8.0	300	299	1	1	wp0 obj=0 w3	78
33	MU	diagonal low id warp 4	(1300, 1300)	(1306, 1309)	10.817	300	299	1	1	wp0 obj=0 w4	78
34	MU	diagonal high id warp 4	(1312, 1316)	(1306, 1309)	9.22	300	299	1	1	wp0 obj=0 w4	78
35	FG	QJ5 scout fuel 100, warp 1	(1010, 1300)	(1011, 1300)	1.0	100	101	-1	2	(1060,1300) w1	243
36	FG	QJ5 scout fuel 0, warp 1 (repeats FM-002 N27)	(1010, 1309)	(1011, 1309)	1.0	0	1	-1	2	(1060,1309) w1	243
37	FG	QJ5 scout fuel 100, no waypoint	(1010, 1318)	(1010, 1318)	0.0	100	100	0	1	wp0 obj=0 w0	
38	FG	QJ5 scout fuel 0, no waypoint	(1010, 1327)	(1010, 1327)	0.0	0	0	0	1	wp0 obj=0 w0	
39	FG	QJ5 scout fuel 100, warp 2	(1010, 1336)	(1014, 1336)	4.0	100	100	0	2	(1060,1336) w2	
40	FG	AD8 scout fuel 100, warp 1	(1010, 1345)	(1011, 1345)	1.0	100	101	-1	2	(1060,1345) w1	243
41	FG	QJ5 freighter fuel 50, warp 1	(1010, 1354)	(1011, 1354)	1.0	50	51	-1	2	(1060,1354) w1	243
42	FG	5 QJ5 scouts fuel 0, warp 1	(1010, 1363)	(1011, 1363)	1.0	0	5	-5	2	(1060,1363) w1	243
43	FG	QJ5 scout fuel 299, warp 1	(1010, 1372)	(1011, 1372)	1.0	299	300	-1	2	(1060,1372) w1	243
44	FA	warp 5 arrive (+7,+25) d=25.962, freighter 70kt Ir	(1080, 1215)	(1087, 1240)	25.962	130	117	13	1	wp0 obj=0 w5	78
45	FA	warp 5 arrive (+24,+8) d=25.298, freighter 70kt Ir	(1110, 1215)	(1134, 1223)	25.298	130	117	13	1	wp0 obj=0 w5	78
46	FA	warp 5 arrive (+25,+0) d=25.000, freighter 70kt Ir	(1140, 1215)	(1165, 1215)	25.0	130	117	13	1	wp0 obj=0 w5	78
47	K	r=1960: warp 6 arrive +2x, freighter 30kt Ir	(1350, 1100)	(1352, 1100)	2.0	130	129	1	1	wp0 obj=0 w6	78
